-0.18715643707576035,-0.7993546304735564,-0.9721283015201985,0.787463086823518,0.5168154361371669,0.48388896608786425,0.34950002973621275,0.5245618542424453,0.10083287908126493,-0.7331539955016295,-0.4360426635789243,0.8197977525356244,0.7394130971237003,-0.5814365906537684,0.08598345157514675,0.38168362893319707,0.904903661126073,0.6626765518950981,0.16404808279859018,-0.8665613996745647,-0.6954375271281634,0.2705189004338229,-0.6076397577015047,0.09251497535487863,0.1954166973056337,0.535285065710627,-0.26943037698522376,0.2502038414224852,-0.09247182425962808,-0.8753569874094023,-0.9887979394624713,-0.7380736531493401
0.8457460024070471,0.7496552394786666,-0.11442656632318737,0.814493754681118,-0.7580206254599331,-0.8996543123680936,0.6921296919374158,0.4681757090190275,-0.13771574051495983,0.6510290579880478,0.8268639338912263,0.5119419341803721,-0.8411332928578898,0.5370958441131997,-0.1463351054483666,-0.9018234377896797,0.34934559718436353,-0.5172751307245935,0.8131532826170946,-0.673765158868797,-0.120291440071157,-0.5740679463599125,-0.028233105042697382,0.7971459161992875,0.12938485087348006,-0.0328366774708142,-0.26437079107470973,-0.8477087957761915,0.8538977215502288,-0.8521958075752991,-0.7346340518707961,0.4154444074853292
-0.6971983385907385,-0.9420858683709386,0.6367456150183373,-0.4867653285702649,0.5412659895988494,-0.21037540695497037,0.7492062623515228,0.8354216213900079,-0.8836060900078291,0.3705755586118715,-0.6249452023754938,0.20505033072070744,0.4661831239893721,0.4666649540627885,0.36954202288958937,0.5610784964791069,-0.10988519229272131,-0.9143557214172402,0.44923167656118435,0.20570836076440657,0.7689026089076734,-0.0507486310778229,-0.7236162269634903,-0.5466400520153734,0.4672726753272982,-0.5942975551436844,0.9508525752397092,0.5065806178276371,-0.9991857576191574,0.3423080307981521,0.852451665384776,-0.5847491987249385
0.26823129730216255,0.5634808934107172,0.8958112805802401,0.4041967170610796,0.6522791735775646,0.45370610676887146,-0.5139245720040382,-0.04004073983060685,0.35712258551674925,-0.08797653273059902,-0.9802982782664362,0.47991833986558285,0.976805137722752,0.6265413226030394,0.7414260790249692,-0.769752495187709,0.47897354596901054,-0.9256319158459494,-0.06356961642698056,0.24348404049325745,0.0399525951626003,-0.6286163985896354,0.9465481128061832,-0.2730137499885268,-0.018279839460340286,0.6857793349838548,0.98715507756554,-0.20780911495028231,-0.5921442903087968,0.5093729031293721,-0.25579976887271827,-0.689676311469952
0.3184220367158688,-0.7833514738986627,0.5590615255452491,-0.3413252283406196,-0.36632453955585187,-0.6085712331888977,-0.9770321272015259,0.7726775048752563,-0.6750105793944896,-0.3515460363306522,-0.9035070386108561,-0.548515286582016,-0.6517171943945266,0.9396104614762992,0.5260342226775048,0.3157681905583838,-0.03126445306410863,-0.7006335045755141,0.10601644908593633,-0.35421465512888517,-0.10515565925228465,0.5774754717065191,0.8529515247415373,-0.7400525699161424,0.7630667409373728,0.6361219519644938,0.6239711501215817,0.38662501886520295,0.38224583476980567,0.8991828882333488,0.9944677496219303,0.7714607940512772
-0.45637751415339345,-0.8286858005658524,-0.584016542152235,-0.9155839043236258,0.25774203599760415,-0.43985248790426446,0.31410341616248183,-0.5287125927794607,0.8011783924704237,0.12269473329239178,-0.23149583341704272,0.6278645954486313,-0.44320934174666515,-0.773249376461761,-0.9244883377555906,0.02151457700078141,-0.7333756409490915,0.41340341189706686,-0.2857748612070736,-0.32812639590471826,-0.8343618299515008,0.6936311702141527,0.7235411132452538,0.4675633759187703,0.9433303363320558,0.9100301372441522,0.218528384947964,-0.8697768482798351,-0.473257347973419,-0.16867328671029114,-0.6311433341213573,-0.7973927150009708
-0.7177877606117176,0.37684846672898464,-0.7394114811028782,-0.0016917279890245052,-0.59702518494959,0.7145264405910554,0.3109672574905562,-0.0630045298908235,0.6948107936442223,-0.16947703621864596,-0.8705591807420148,0.23788594585094813,-0.9487011855738952,0.4551867465842987,0.5624126217565968,-0.4445065669349011,0.099695245698465,-0.2935374645123425,0.7553279692361263,-0.18447118761405212,0.2504102584742858,-0.681018997888871,0.05198201237346134,0.24515351852025935,-0.30249487128797825,-0.6553682740029985,-0.6033629949818138,0.39061580992155553,0.7945886357135725,-0.7094992413852057,-0.6872592822002874,-0.4292145357139623
0.6699418788637268,0.8026323591912297,0.5027403647165904,-0.21432953438786506,-0.053343324926883096,0.20915231032029236,0.3617122283756764,0.32173663988576795,-0.0019766116747705897,-0.49613159161340437,-0.9269478343214981,-0.48009629195914205,0.9415912526816945,0.6815426382766858,0.6332980701429995,0.6901022850288505,-0.9050864256201525,0.7286061140180344,0.33261293158475613,-0.5811408147138009,-0.03753263637519555,0.31924078683440094,-0.9477831155332492,0.4103812653468948,-0.33323110630366903,-0.5442576388158014,0.044515372366342953,0.627176927256849,-0.39505747937704006,0.022212278500576055,-0.20950519990450478,0.3991795204461046
0.9700110227987451,-0.43690655768765785,-0.7205167090252318,0.21986820229113269,-0.8425643921174382,0.680568472165213,-0.1954002942639308,-0.6175123839094276,0.31025581238601485,0.8940166654782542,0.9629162051326992,-0.8470437366840329,-0.23952874011033365,0.8488697689559552,0.7701297053711484,-0.19145958115090833,0.31739950859573995,0.21554272405205044,0.3116214409928153,-0.4099711139286959,0.8189323987246011,0.4024696072510836,-0.8871363136569257,0.8180628937414764,-0.7581623347472191,0.9673422669623271,0.16137066824956947,-0.3369376423799344,-0.8625111467329072,-0.12439154864860491,-0.5437741252816573,-0.005793436372980576
-0.6242409598876133,-0.5722105623354912,0.69837959420803,-0.5778409418788337,-0.9886034754018738,0.993264734808949,0.6158457889710951,-0.4939045763353238,0.7849108970919114,0.7380708857759009,0.5441258985528445,0.5323143503262211,-0.4053036188244621,0.6179448971092532,-0.9066228825238094,-0.8968980349638824,0.26739087676622253,0.4094651370887241,0.6851875850625377,0.521593872538016,-0.029512427606638303,-0.5495584087200787,0.7005531594977366,0.8469763544999507,-0.7090866328372238,-0.01805828483238514,-0.35433412260558983,-0.6432545830575322,-0.19762978253450547,-0.426302700875425,-0.34677262940954456,-0.9857193045513333
0.9193459499198511,0.3415092719122186,0.8145062558378555,-0.1016426081339088,0.20427451963877763,-0.13853317644209096,-0.29737038366506763,-0.7554714298277796,0.8493997059526828,-0.5429718243931749,-0.3194236799869814,0.3250312009937746,-0.23426746526832232,-0.7716407134377388,-0.2027298534089439,0.30353101294818674,0.8295863320838066,-0.8096605043715703,-0.6702999978349622,-0.4790089627648191,0.6119075361745048,-0.9870511283320476,0.6420681772611825,0.5111109750583178,0.7381374269671428,0.6184250052366971,0.18689058419491422,0.14969425001565217,0.5693704101712527,-0.029456322668759194,0.568425798416724,0.26612994836056014
-0.22184912705003001,0.6272639672742639,0.5315031214775854,-0.9684969247187318,0.9036090897640765,0.19044780243102677,-0.46776191412887513,-0.5133246890014838,-0.0016881048527899178,0.18797877007381159,-0.07614851156709834,0.6898440515760791,0.6970506152323952,-0.6639162263146396,-0.1263650388335349,-0.9017787549236096,-0.47522875666750464,-0.553604417398718,-0.8206596777003543,-0.8297723460604407,0.07063988484705108,-0.5215718346871381,-0.4231757368777913,0.20257632199662234,0.07524670411961343,-0.10846600273731766,0.664230443237763,0.11650911248897988,0.37356845082752654,0.7461264577737459,0.1420932875634595,-0.9395710785429643
-0.8842449374796049,0.07402302267140404,0.42615655005866326,-0.7112565395259975,0.634906127077064,0.6769839200469383,-0.2625249170270889,0.5203045781825024,-0.7468343178429919,-0.8635648035896393,0.5443411037020562,0.7789803283762284,-0.14515677335025834,-0.7807181845507936,0.7883534639243384,-0.9732536223155341,-0.44281190521718106,0.8841016625130114,-0.3558210119555356,-0.0737660954111421,-0.07881697432641377,0.4414610499468272,0.7629874472570004,0.8405318543733968,0.04965457972080456,-0.2580323633649997,0.8090209806602593,0.2860925349754213,0.9568245662543098,0.20061095700827059,0.4431454793708729,-0.39626175652558127
0.603768216215288,0.20905675311641625,-0.6435658054439779,-0.22801505368565866,-0.30335531804091076,-0.45591712715616284,0.6798502326247207,0.1280035796526473,0.3102699270165634,0.7953231987723526,0.1600328729949334,-0.5002760275271516,0.3052820682619277,0.5822824778957094,-0.9909723943925408,0.1664575350524704,0.25583717769325864,-0.9541008997138807,-0.9658915346452979,0.023002344358058924,0.48213492166003924,-0.9029604261421176,0.5101558672755868,0.5126538396214702,-0.8409737116378726,-0.8650249362408537,0.165256777920044,0.021197370771561808,-0.588590633443921,0.07099857829809886,0.12089657690818667,0.3862565365147217
0.7773232237797996,-0.5423466255396967,0.6613150671328851,0.46928609165986535,0.7380888436521644,0.6458416609751942,0.3023035571403274,0.7693477423849016,0.7528519117335124,0.3028811710225734,-0.2120793014235023,0.0673517088482225,0.20222869283603062,-0.48284220549966306,0.36431013005627366,0.5249577397310803,0.17534283048935784,-0.32990123162449936,0.9630048501643536,0.5657195018922054,-0.8731118333542123,0.27376947952280095,-0.2281932276647729,0.6440029661938593,-0.5811431406649015,0.05247562165384334,-0.9204671618935842,-0.39338481936819303,-0.5449869284753579,0.9492048633304726,0.2516226045904475,0.07760154978066969
0.0863947197196202,0.863822196291532,0.22680452922249383,-0.7013996771753535,0.5305806918067582,0.4740044578422278,0.020722557970087596,0.37352569486591536,-0.8255865149163268,-0.2784640423041991,-0.6193737159350636,-0.09373087506068489,0.3193200297328551,0.4940444800359294,-0.04406748442649877,0.9435867401225475,0.7870987710703128,0.6615840496778749,0.13266779011215046,-0.7947668633441909,0.269969527968422,0.9670731366673337,0.025505836373287405,0.576841845623197,0.6300495123260677,0.5887618979760203,-0.9706840105455503,0.21799251644386897,-0.5281624315436426,0.6408889069804435,0.8028427098306363,0.7460188191384685
0.9708964182653566,0.3109965242626249,-0.40966159774872857,-0.7861658377928189,0.4226183410679121,-0.5363967777529286,-0.6173242362045943,0.5843135253735736,0.27515354787761037,0.8245506765117265,-0.4223313982757704,-0.9778727830700156,0.9040430357543534,-0.24707679492517087,-0.4799665814180245,-0.4271575030136223,0.6996281399787003,0.5625141161126981,-0.41537369412217995,-0.696251645329313,-0.6415890115714282,-0.6276072490020717,-0.30614459656745785,-0.277049561689259,-0.8535065950895684,0.5462031321242418,-0.4841155904214356,-0.3365506944249512,0.37068437005799115,0.9224038987959442,-0.37080920682926233,-0.19586260703265523
-0.9292600001718074,-0.7572629830978299,0.2957815067508984,-0.00892409296023744,-0.7050658280741275,-0.1285293625982511,-0.08074009480508382,-0.46953194454095626,-0.12045376368618466,-0.11339637536523939,0.5042920781456388,0.8787755831158821,0.3030132642504626,-0.28817810773507824,-0.7115134415110618,0.0438499801737271,0.26003230608573435,-0.5046226537592287,0.1476512157097436,-0.8215347917728977,-0.9295852557796291,0.4183935803840304,-0.28759276648618615,-0.7344019675645488,-0.8573579270491531,-0.4690519662537318,-0.8868442298241841,-0.12393186663901057,-0.1602118650735045,-0.5820950542267833,0.40556073351661914,-0.957461329112206
0.495752157872972,-0.07712810897975841,-0.020780677666870417,0.829760550190505,-0.6744734431318196,-0.8273414559259771,-0.9142073284606713,0.44284354875564946,0.3148302030715062,-0.18548308276157632,-0.5351301396874655,0.6381554779045053,-0.43833570476585937,0.6006393132250065,-0.8759679907552065,0.16584120058922314,-0.2645144371252537,0.5820441291958127,-0.6950797673252618,-0.44313929671211083,-0.537475980625638,-0.9184986395476302,-0.46239307384680695,0.6801348200262494,0.8187754621177079,0.018800111254508645,-0.04629156832432679,-0.07462419387688457,0.582726601902452,-0.7582593726303075,-0.7951001751263043,0.2879965088945675
0.5613563696733161,-0.8983944398301977,0.49052879778594516,0.39258458824230824,0.0062447079453551435,-0.8254242599496402,-0.05234489780978868,-0.06384471461507091,0.8189326899731535,0.6964240801471708,0.27430883868346156,-0.4854942319155273,-0.5523525530919107,-0.18868165659240566,-0.316774513745,-0.3103191033645134,0.05877015437394717,0.6112077374765656,0.18281009621086564,0.9700804915056183,-0.28998948976181715,0.5124330059449589,-0.2125315556553402,0.0334673305795683,0.48015805084196006,0.10006052564559687,-0.9083559970652333,-0.46102423885699095,0.7676575629274798,-0.7920749720372835,-0.00907540370500226,0.036454555798371535
-0.41681570788684286,-0.08236376180497973,0.7940424201895355,0.5237691341088293,-0.5862609541544284,-0.17148937872140713,0.12305249724374856,0.3877371418494231,0.19265001055729325,0.255525861233723,-0.02463467584930057,-0.17904801184691044,0.18935309753707208,-0.7881096930110285,0.6626156903793861,-0.9394924621585659,-0.7712704439028224,0.7678882384289285,0.6708960364695877,-0.10739456281831972,-0.207820620956098,-0.11725506149361631,-0.3042011259341959,-0.403793204569042,-0.17390200920976362,-0.22304818559001838,0.42334661870436996,0.3950426197381396,-0.15301482421686718,0.5425757120451753,0.1438741928275764,-0.1702539820563318
-0.6736203663982641,-0.349597790867638,0.6633376495320029,-0.22912910198211,-0.6858028602321142,0.21062338640660294,-0.9082996033052231,0.5034445761818793,0.1571329468536644,-0.4699655675416692,0.4600622281589779,-0.8634124514042856,0.927558129405154,-7.99059552512027E-4,0.6284035565760466,-0.7248898793264644,-0.5197562306109895,0.6706151589546465,-0.2842385990418088,0.10722763092754262,0.7115710002717788,-0.8953090546080444,0.6568728538933748,0.7626592673497923,0.46839275140909375,0.3576002442217141,0.3643799739212452,-0.9231837474280917,0.6858615512864334,-0.1003791395644913,0.4729098854322751,0.5060339930479338
-0.3389454479111691,-0.2879442817135178,0.6612872408712627,-0.372846054831796,0.264971784018877,-0.2439719239786864,0.2501118623556968,0.8541083402142018,-0.7729983803312757,0.7494491108311401,0.11780333334857263,0.07859885120119081,-0.3280278021814691,-0.4655118077626257,0.6966154199781962,0.8813078960450111,0.6520299830706529,-0.015988481813735245,-0.8392133392252998,0.014239501750608063,0.6919771860125248,-0.7289021267785907,-0.7581929451710427,0.8640955547524198,0.4098682548884067,-0.5974004298399467,-0.6506477149612944,-0.7883105658691296,-0.42374330277966554,0.06672868226635598,0.30143916585261277,0.30308363362826385
0.3775473781393235,-0.7541138292321794,0.6497212073012031,-0.765534991702457,-0.8231238520863449,0.6863634342897231,-0.2736068844861308,0.7016003352915019,-0.05616413258133157,-0.6390018496327865,-0.09498731889352596,-0.7239576503428864,0.8764051645076465,-0.12367136366150056,-0.30714608315327774,-0.45591489354204007,-0.8853694823350491,0.16758224968527924,0.2927934043426734,0.6807945094797199,0.8849318506981645,-0.09276567072458364,0.47887917904972443,0.3302703495857351,-0.21648203912887043,-0.64945836521822,0.7606794453149888,0.024620645936303642,-0.3037987017251327,-0.6495649943735933,0.7347373668721333,0.7979615772650746
0.5872488381528209,-0.8165661772737927,0.9464098898462472,-0.8619197120702218,-0.1542774615455118,-0.4041770087591401,0.1662296877809175,-0.032771088665157766,0.6872822694173106,-0.6905886904448801,-0.9996121090403793,0.9548450360846412,-0.7405151705873985,-0.6562214372051229,0.3848730447161881,-0.2186699063247559,0.7218612363954067,0.41969764884617256,0.07870171897908307,0.9883370804839784,-0.14078036827476792,-0.33974628206548196,0.3422818284669926,-0.5059372285407622,-0.7880906588435306,0.11717146273493872,-0.8488735703967578,0.3578120674670555,0.8495344281206465,-0.7785304646129447,-0.5873757600067926,0.9074848421217905
0.5281161825385927,0.4918613449789435,-0.24970232553563654,0.26137810268299266,0.2047427203255312,0.5521024787072273,0.2053790075094133,0.18362317291439378,0.15307583613872677,0.33136897154781164,-0.37954706500893387,-0.13293049593885753,-0.8234120110619787,0.02682966615854676,-0.7307438134670883,0.7237537574621637,0.31822503667211044,0.17515281776429736,0.7966594837134493,-0.18807792794452194,0.7808086433755148,0.00976563323668933,0.691060983074052,0.13990004457462235,-0.41538492232034296,0.7894292900119388,0.2321236699613296,0.7609349892477262,-0.037817310657563885,-0.19054931712651668,-0.8600084080801718,-0.6905386750623861
-0.5724761293118965,-0.9229567891112254,0.9978234546971276,0.4280689876101422,-0.1791969047444404,-0.7927962355808422,0.9276848935599771,0.7544238326489321,0.05751791597306477,-0.6304208095714425,0.9705444954887463,-0.8079072161102203,0.11784887912655861,0.8166518762767634,0.15432085072081936,-0.7825149861580714,-0.3267226998200319,-0.26297088097087573,0.32963177370239416,0.940090953317265,0.8005918221090831,-0.06830995655417427,-0.488900388031146,-0.15065070120649837,-0.15850467641001864,-0.6810936266770722,-0.3172301636705144,0.7059933562305492,-0.6063191325991701,-0.17540399567362885,-0.19059701708678567,-0.776658033068822
0.5895042451063943,0.8385087467010988,-0.858896370373585,-0.30489768989763855,-0.8186170453212533,0.14037653178066156,0.8069527674517112,0.9123565638823878,0.17357428052799273,-0.8153443432549814,-0.6387464585495286,0.9529395614075642,-0.2927808921674213,0.16471741016042074,0.40127905519988794,0.5801237104401671,-0.08470844853773163,0.01747647506499317,0.49385183471009886,-0.897957245427697,-0.7205736761354731,0.21984042983984642,-0.23918977260908658,0.2855862184684359,-0.8604933791526841,-0.3189708216671616,-0.9990318776595006,0.4887067373174683,0.6361456631030886,0.4454629051418868,0.46389795110083454,-0.12009721141276897
-0.9290135859664048,0.8788271415545963,-0.2406883959416377,0.24697259510771374,0.5466966364570518,0.35581794313152293,0.21608862116262673,0.2153306687171921,-0.8120097402516595,0.6406826206515639,-0.8270529484918419,-0.5454866220189913,0.2469582630655569,0.9693446868241253,0.21595495175723944,-0.6442938343586224,0.9321360404601824,0.3356777669874036,0.4737824029179183,0.5786807860715679,-0.8458311704602743,0.8306227178404744,-0.2602005696351821,0.16809696402376262,-0.7222971542058816,0.27541990291025487,0.4108255215148451,0.34552587227045883,0.8064572835116086,0.84530637962195,0.0155423078841741,-0.2208362497023848
0.7611677765148237,0.8976067036045667,-0.5487183154791442,-0.33539466219735803,0.4724185460056889,-0.2017765011851793,-0.04389334283244972,-0.3049117337040035,0.6571479127836086,-0.7771319985567688,0.3138042343922651,0.7423869709030686,0.3760450644010853,0.7964010806011768,0.8226129502613366,0.890995590103711,0.5052010467176817,-0.18559645743409425,0.15421142746484318,0.017066057690331426,0.7120465394506592,0.11133128777522305,-0.6123039706735103,-0.2851017113160732,-0.7226864538231652,-0.9168911756818325,0.05493330536847596,0.04760504882178784,-0.711162417543737,0.6627821405435326,0.6448658841841781,0.3349029115548232
-0.8167849668718776,0.9409335023436678,-0.6781628104921105,-0.010189885930842024,0.3323769528144369,0.9484901760594555,0.900734598823568,-0.7226414814051632,-0.16285624221294404,-0.0030342404375414134,-0.5889190378400597,0.7922556017998148,0.23392588434805872,-0.9111738856939988,0.5134496136854434,-0.4482642707630877,0.5676167210341074,0.5169617533884663,-0.15209045281129718,0.5360461059744341,0.48773128152750655,0.7877799234497169,-0.5390375693561507,0.12927674860813876,0.3224753026420737,-0.2952406655252644,0.4364489704012946,-0.2072279136158055,-0.5583491488927783,0.4021562370224092,-0.8296386780952998,-0.3017204274077323
0.01396503647512315,0.6477531773819094,0.4031096860421164,-0.07555084795460121,-0.5265837792585188,0.5974593062706304,-0.16180317436530167,-0.6197685628904972,-0.6855516501002519,-0.7438682190286718,0.6057461377164273,0.4297066583708886,-0.112508248427716,-0.02920685088641095,0.3671238983874978,0.13923555045826652,0.2337143461186757,0.27759527549357976,-0.6757070873212638,-0.5853274965257456,0.8411147972723869,-0.05854192760851906,-0.7192710513651939,-0.4555805779542239,-0.2959598234166323,-0.39261114399298025,0.7339535242950908,0.014683323776666146,0.5376768888655277,-0.874932396551948,0.7941654643622653,-0.6651988966968523
0.9687277143521007,-0.6866402210103482,0.6816763487724053,0.7367538819309363,0.2848956091728656,-0.3010016488127558,-0.31095169368769127,0.2826716525003743,0.595441346671389,0.35345554938903834,0.21275260166491194,0.33953776628233134,-0.8218417395756952,0.7669853837990024,0.48478162998356167,-0.029640340092609962,0.3226366503683593,0.9255604606428836,0.9178488789542001,-0.24037850461810595,0.857132466404672,0.2306756581952496,-0.2442154766914617,0.2858384433429124,-0.3970498115566148,0.16123059309962873,0.670786705542922,-0.004263129405463806,0.4603222804809637,-0.824047986154693,0.023417172702725253,0.8881821358309052
-0.2708560182047388,0.8315597842920439,0.8273818692783672,-0.6866634475249018,-0.28162760770435025,-0.7181599574656528,-0.18434498190996096,-0.7243172075136133,-0.9605733737158892,0.4125691872975019,0.4556555810146319,0.09269982858658588,0.016653662930897095,0.25981060005389267,0.08541544408159418,0.5894411280400451,-0.49669284709702044,-0.18581518440651035,-0.3322697164669326,-0.7142450253066752,0.24403503549247563,0.8312901968421502,0.9372567944680321,0.7852435634663493,-0.286687852843692,0.8485318164227686,0.6237226117657353,0.004693408135503452,0.03435576009358221,-0.7488080409226188,0.9051184868610984,-0.6934623880206667
0.31071255479670334,-0.06434471309717771,-0.7220541645967702,0.08324016611915153,0.5959104226447858,-0.11472037924048295,-0.37270485024852684,-0.10868140421487404,-0.7422138456251499,0.333113276915725,-0.9073366663628948,-0.6992074707554947,-0.17574099391401687,0.8491769551611599,-0.19331033476101434,0.28744016280159435,-0.14005299251649217,-0.5531756025680898,-0.7947969443459724,0.31780839890032286,0.8936747267863063,0.21683538930523838,0.7766565581722029,-0.5493967571660112,-0.4013747494635811,-0.5249102735452411,0.37225294444581203,-0.7206582707846447,0.022542128067609246,0.8062718969260729,0.4927489382219763,-0.19986395787874178
0.5892393900959474,-0.608268023847754,-0.16086248562424288,-0.7835278309653011,-0.39198216914922734,0.050389868867637855,-0.7293186852055542,0.8060818572544866,0.996703643028598,0.7774720961726305,0.6269001808834704,0.2639985906634268,-0.574733829939289,-0.03930409425803494,0.8864030864346086,-0.6671033969663265,-0.002329130648538902,0.9074702607643803,0.5539967794354035,-0.13807080972720454,-0.9134168550305581,-0.245460410251515,0.7895177492642245,-0.9361188159262459,0.9593593617635396,-0.6981307737553506,-0.8525848910734244,-0.8464346131140559,-0.5442798478461168,0.8373275660705812,-0.7341711804860636,-0.4771965927213808
0.790247608110765,0.206539159922966,0.32708097182140006,-0.37105100763614507,-0.563853601406882,-0.3819671805845428,0.9306184033078155,0.8416985973595166,-0.13952408545579176,-0.5066891634524335,0.5794858278695465,-0.5502114247347085,-0.7564109814635627,0.8514636260352773,-0.9041985476834689,0.5038353719034019,-0.49551062113552224,-0.5588915413867848,0.3045619085737943,-0.9583026322419814,0.7151536239433103,0.5027514961856678,0.9648749861051897,-0.9045260467955771,-0.7288565750516984,-0.3266487559405806,-0.7582326133381725,0.6557195549035777,-0.5288647654923813,0.6198801119747575,-0.09446710116856227,-0.8125696267703728
-0.009509277227071955,-0.06816699824612815,-0.9562001634827753,0.3345107479611764,0.11458492027073297,-0.19292289398417783,-0.5287603846085931,-0.5834872469222878,0.01370167869909289,0.9245634361560557,-0.8220851394879909,-0.9349953295289715,0.9516467040414203,0.5303737165081319,0.28269279505930256,0.23296355051735684,0.4267193496892503,-0.12386070036142116,0.7857526765546272,-0.26730038481394214,-0.10180068986194946,-0.019201623019575065,-0.989703208759078,0.35247374855880165,0.6992908035936538,0.6626908930974125,-0.24751803545892392,0.41788449875330125,0.7485063684135362,0.614189437509526,-0.03893951940222573,0.7458943219575676
0.40331296979354536,0.15922379521366103,-0.8099099451995209,-0.31713919850521854,0.7780424475629897,0.6584421577533184,0.572088101184508,0.7829282361377348,-0.8220408832438129,-0.07225874103716601,-0.044174853143218895,0.744422733706464,-0.2950583986354396,0.7773147106390259,0.04817828149272807,-0.7619009926355795,-0.5340237630527829,-0.8329780924323538,0.4995891212079422,0.3776248657733625,0.7713656790661889,-0.89429738185495,-0.6328227891172749,0.11669283260999852,0.9005287191579086,-0.4493693337251212,0.760343766269209,-0.5691855244559463,0.7625104312253477,0.2660527065797966,-0.9207367331014262,-0.20439662340124576
0.3985817169008068,0.6692094640354107,-0.9375311833731839,0.31959332722628475,0.6767072888005912,0.27112944679904083,0.2997968569711775,0.8105433672700639,-0.4371129367577573,0.9687107801257773,-0.3323175660771236,-0.837206569732841,-0.8490109244825681,0.7978631754241969,0.2130094971339469,-0.4544602135047635,0.46780900747268284,-0.7341999105728814,-0.316802137596393,-0.14146756826781925,0.028176804822130475,-0.7115421855067454,0.12224493570267558,-0.9140038000179647,-0.998012759356222,0.23841869028225204,0.8451332915932195,0.6027443761552189,-0.2308353544206001,0.7840697944059427,0.8720896316840447,-0.43732964600750646
0.43843549765837286,-0.18821948174514125,0.7266313889298144,0.45837907341067585,-0.7896764022269032,-0.7766201035168805,-0.642594971074036,0.9703556346875684,0.9356270922553167,0.23067690452280498,0.08648500672971382,0.32741250152206014,-0.2154070760990796,-0.5548240082260716,0.999792042949502,-0.7697666082768424,0.6163648334369327,0.6876106059817275,-0.38478153021570005,-0.7175887242889363,0.6583127681963401,0.7212868340941976,-0.6317697807987996,-0.25354651198168265,0.15365501277553006,0.18076790111944852,0.7827677606498695,0.6776851916539928,-0.3078756981429742,-0.6650305124663591,-0.34365764793894527,-0.17260139658554818
0.8155785991149362,0.08037241069951406,-0.28516232047211143,-0.24652686376232968,0.0618528648203609,0.20303486844370067,0.26596019188453845,-0.38336493743527833,-0.7364440288554825,0.11752745053838032,-0.8905348613285444,-0.262961617221253,0.5129824733973329,0.6422828245889598,-0.8653843834321944,-0.11241279769997137,-0.04143767482612315,-0.5603871683103518,-0.18179419384656814,-0.9172403672960765,0.3895195186905469,0.057592672004725065,-0.6652988080304876,0.27635169630941214,-0.9815981500397255,0.6970789836962865,-0.11661951637594292,-0.5312736558093352,0.794752193311737,0.3376030604666205,0.8943333239879137,-0.1811927050342812
-0.5568269953319043,0.6798108922731749,-0.07201271139652232,-0.4317748706810096,0.18976287717408735,0.09440564432933596,-0.8902510054509356,0.4896805446428498,0.2006208091185835,-0.49859613208256603,0.8739102713947338,-0.3026754814693866,-0.9679128166310786,0.23468725700445647,0.24974806037985986,0.6264690475663577,0.47604728583773226,0.8622254172060422,0.07853503750720647,-0.028628767203883854,0.012821690356668913,0.007981008678362267,-0.7729210853030148,-0.03293925833310207,0.4895040892598892,-0.18071584251601713,0.0352359818871848,-0.19308895471916543,0.7245033577580986,0.15379698297182953,-0.40677009454226387,0.05912012860484994
0.7429287189929106,-0.6125639278779036,-0.9455457895781376,-0.5240625805773984,-0.38150296366699976,0.2249325960773092,-0.35703989026281957,-0.970583079800202,0.04782277873325813,-0.22841522534066705,-0.6728275102790626,0.48253969078969994,-0.2448069091606866,0.7137516623061788,0.6445549458078135,0.5782844838706143,-0.12650067295371414,0.5696379742894835,-0.37935618117068226,-0.1234984641057919,0.768080454701968,0.1572225968693033,-0.9082308328140996,-0.40740450127851835,0.5043824271319839,-0.5391204530819593,0.6380538740410442,-0.177020288296029,0.8899420883198179,0.8192940913808107,0.8168839691966061,-0.7434571296798029
-0.7293845860687163,-0.7145301314839139,0.015943425129855804,-0.9305626416357831,-0.41644849635420944,0.5921374470975094,0.9567953054778475,-0.9560535343961811,0.10886898668792933,0.6365514624003104,-0.6892408547708644,-0.5729596111533999,-0.6091577302483153,0.8437688256585048,-0.6532935391329173,-0.027937370975582576,0.6486621230115992,0.8778831901356945,-0.33016491828825645,-0.853659475434196,0.37697903302553426,-0.9802234753495416,0.6633846077314758,0.008216422214119667,-0.4804919867241564,0.8052052247828836,-0.5192928569494097,0.45423133836679863,0.23390529710600694,0.7914176621501696,0.005534744588086005,0.9978899934210621
-0.9258020631092831,0.9987829574712148,-0.7361480963951348,0.32431143058635103,-0.952808744788145,0.26761524652036206,-0.26520113892993824,-0.9887413898384969,-0.02829493558773355,0.7863922416767821,-0.8160084000348657,-0.1256457392467656,-0.8870163856594491,0.4491586988373626,0.6230161625972739,0.38634894270403564,0.5778320150821064,0.5116578710144593,0.9349399223907886,0.05044969863427462,0.5651787471779817,-0.749251812909635,-0.5785274510882863,0.960650435452099,-0.40951914529094124,0.7136484190809309,0.3478039764262191,0.8730147664301793,-0.2114894127510687,0.6706601778495731,0.8569931760555347,-0.24946235720275833
0.8989143815074576,0.036228022074074495,0.82352690152244,-0.231652271449031,0.5097237448947647,-0.23200979312858228,-0.4827598122368195,0.24756072411688046,0.5582651961683831,-0.5191558788582693,0.41008426378178675,0.2299403073059767,-0.7774519649060512,-0.3648282653095003,-0.846730943427102,0.9922661798636365,0.36303805285212576,-0.33642092504682153,-0.1553542023268808,-0.5630367906609872,-0.31861685468245526,0.050592766893877705,-0.5352041843053656,0.7987041655524723,0.6386670224082487,0.6338468167592217,0.31665693768304815,0.9186360725494216,0.9662846488195824,0.6523863623354664,0.4515811696976577,-0.6356228569290459
-0.227151386445263,-0.2374518361344915,0.7226639379315045,-0.4789581562413947,0.5052292193227856,-0.27260689500692603,0.6666938334995434,0.20069105723001046,-0.8688702701768698,0.42173163094696475,0.8816601151113794,0.10054840734990433,-0.22897051578870697,0.5085917522111718,-0.29595016712372413,-0.5672194496883938,-0.8513003292642651,0.9639243263830175,-0.7906180384428507,-0.1981654924660965,0.5119437640156226,0.5157624868738395,0.6143152122944602,-0.31710294695011654,-0.9015195278850783,-0.27912706486065697,0.02644652643730261,0.8461369452054253,-0.6842827689151179,-0.6214152836822378,0.7140779087635016,0.07376779894361252
-0.19046352483758633,0.540392418261038,-0.9934000286667226,-0.09205529328566553,0.9235085732602548,-0.8217503522166394,0.7431847028224303,0.6666468051763588,-0.3325018371710844,-0.1600080380525708,0.547225857265885,0.5584527067847407,-0.4124381843069109,-0.6015606246934599,-0.6974290692929106,-0.2831288494651436,0.9767048517621773,0.7317893500315853,-0.17014006968670792,0.17333459841475052,-0.9985892298895025,-0.7008614241146525,-0.973600609478328,0.6297343980505385,-0.6369460779503509,0.18052966568882556,-0.03424476731506232,0.3830897671910538,-0.866582935084838,0.10599810625161199,-0.3168006803205663,-5.099989836014895E-4
-0.28201229987416254,0.015673017893834462,0.21884863831974988,0.4752208710586301,-0.2223388134912374,0.7730625472755577,0.898537997595376,0.6142970318424492,0.3789305066022999,-0.2037661503108945,0.8031716386716476,-0.6929999786123102,0.7608623933108478,-0.4233252064367681,-0.08949941935980821,-0.19007932992939525,-0.25851164157350714,0.3232036457797065,-0.5110226289304383,-0.4318296272011495,-0.7376525129374802,0.2983698991875072,0.9815419140070611,0.055000638378437605,0.8518515755413951,0.3147713848583882,-0.1621045280500084,0.5693135446962132,-0.022103776710008294,0.25457036814167,0.5370231135086643,-0.8493013331130339
-0.981214010482993,-0.7996623868996302,-0.6125718373476332,0.5790491638775879,0.4716633643053627,-0.06910375215423681,-0.17431476442332872,-0.07246097603188084,-0.6555586954310599,0.3183025389363141,0.6050995226042541,-0.5591872724770652,-0.5495168278489038,0.4789012457192219,0.6935380778817648,-0.1777464634062671,0.6451097325721524,-0.08566621692518162,-0.06742964079111924,-0.3268859890955349,0.24459196898852187,-0.16695110229778054,0.09499313291635203,-0.782555681142135,0.757906675453144,0.7630793705746994,0.7400318958607197,-0.10419843875416013,-0.4369161824406429,0.7057398448264915,-0.10769081038823791,-0.07312390634972332
0.07181046078182529,0.5055724359486549,0.5111896592214802,0.8450862151978182,-0.4320538108750833,0.21820372517741538,0.6345767281451806,-0.29078907621848216,0.8149850368058944,-0.9779270991563511,-0.9208488104863959,-0.0022539974318422917,0.9420431023507041,-0.5749321152624793,0.21650685417770932,-0.8070018534917025,0.15233142193355897,0.7846864643763702,-0.7664705234957461,-0.8952407180851556,0.6900629852497204,-0.5095851203663919,-0.7416870733894529,0.09573126977712643,-0.027385600534524546,0.5739987808118352,-0.48092570047574545,0.5447000527497083,0.32403843554059963,-0.22685773032132506,0.747177224024971,0.11978502646627187
-0.24003651916899527,0.2750054419147323,0.584491769242792,-0.2670804091846244,-0.9450261730321472,-0.4205636073912373,-0.849587214238942,0.408044628066073,-0.15134739753552573,0.27259286119852444,0.6333365706715561,-0.280673295079368,0.8771520808920465,-0.159826962239362,-0.4253474870756424,-0.05795992864905486,0.44569703333842203,0.10031171526109062,-0.8974297775429338,0.607579159688437,0.7131101716021762,-0.5289429188805475,-0.9047687547080567,-0.23460217739481215,-0.8654642068095761,-0.7956737248562327,0.04696457537560916,0.9284983987888926,0.5645964470775988,-0.32668571639564603,-0.6120260931013133,0.4154221220083181
0.0371567594082165,-0.18209054099024558,-0.10820427894180562,0.6005210517845607,-0.8851784271223939,-0.06725287919389888,0.21306892857148818,0.44561902250357943,-0.8592503543842194,-0.8748894578391162,0.5688614759911905,-0.3900016392173684,0.7273159275662586,-0.02503273510063231,0.11000110954137976,0.4219751822379385,0.38060923573284167,0.19700587336258146,0.6245613517841497,-0.9558426770542754,0.2867061961237207,0.43461773433319784,-0.12614323669507255,-0.7241962350620053,-0.024886847315537697,0.7083450952651358,-0.9179953125510607,-0.39046497221747,0.8267232595948182,-0.5036037855647892,0.7626498760549774,0.39597073390881565
0.20808785816098818,0.9424051953460251,0.37745972553167806,-0.7313005362705691,-0.6092460364867183,-0.7343067649147299,0.8506253752281754,-0.6566867765321276,0.35387459052359227,-0.9081345336932993,-0.8085439362383178,0.1280686454733455,-0.9297506449092765,0.126656514879121,0.06392212682610943,-0.42993733744652407,0.9404081176918115,0.3635149125870365,0.4948528021229164,-0.790358797583524,-0.333697953785391,-0.1545047377541633,-0.3078755145605556,-0.9729143990814053,0.04562050384664085,0.8946057630761288,0.6301848915179644,0.2394503542390114,-0.08029525909868807,0.6768354300151951,0.327841214230566,-0.7184105188973275
0.21480615827141314,-0.4302027402180808,-0.1820795751852049,-0.11005752021963233,-0.9392449949661963,0.9425244260442673,-0.3062981979191688,0.9104709452622857,-0.49856227411862775,-0.7623141054834575,-0.7628830775670976,0.32519592224449223,0.6466486741227613,0.494022084997336,0.002213420427416457,0.25427824326785875,-0.5830409176621354,-0.3924340202355072,-0.416688623035919,0.46832601112259775,-0.7825237764020494,-0.7255066113585376,0.6857130901322719,-0.7950820714885127,0.3482681445317606,0.625784605039704,0.9301795755219202,-0.5270017621751673,-0.4085434944190076,0.8166360720833952,0.7305897163779183,0.39012562979407117
0.35443346297576794,-0.21783520145239876,-0.9450975751514761,-0.47861298993824297,0.25061053009532586,0.8734489916162593,-0.08725571837595902,-0.3248840127826247,0.06356204587946279,0.38032113150186286,0.008648111132965486,0.15938253338038222,0.6673777413925002,0.8506372935267068,0.15817244900759486,-0.07387501252237261,0.6654923432575208,0.605378148290715,-0.21516719864500056,0.21102169540238447,0.60675960496628,0.804569822508471,-0.9010187334821464,0.7376316373579737,0.19562465695993714,0.0033563437829489118,-0.5945281962718234,0.904954617950223,-0.5625175414057788,-0.23639948131291488,0.3951532790538328,0.04914829919187724
-0.9094854828139127,0.9607229078733603,0.24593460238320808,0.34576009941823416,-0.3670469678914232,-0.3694332779983234,-0.10763000798473676,0.6292643538787233,0.2133548432144965,0.4686538893950627,0.918415072918112,-0.03707795529189983,-0.15178182649531236,-0.5757233455107629,-0.8137923491921699,-0.28511692186295945,-0.9637830137599894,0.2244461598478278,-0.46556936331730236,0.07027982196370708,-0.1425017556994228,-0.6592611742924099,0.6630172352103758,0.5192581383917148,0.1884350752650943,-0.3538628351933564,-0.33333835447723903,0.16876430069808168,0.6010531592572261,0.8313648198523795,0.5878019161068457,0.5555798262880722
-0.9476265434988573,-0.19185481568397567,0.830444620741092,0.12523303208806147,0.5817923697726697,-0.362299016803006,-0.6905961413704913,0.19860908475515715,-0.38966594819794365,0.8057428906308182,0.8052309211227331,0.8602160131050041,-0.09306821757853956,0.7375966413051598,0.15331306787326948,0.28173876655326846,0.23510071849864023,-0.443824014164113,-0.3836760577590539,-0.3226144898416483,0.7254733764478545,0.26352597372410824,-0.9108615784483365,0.8759296111363846,0.2759618748155035,0.6610933242856234,-0.7550943399313288,-0.8446543825138042,-0.25081692245901555,0.005137208836469176,0.818282186757417,-0.7367563639684434
-0.7653381399666042,-0.26784741257600797,-0.6711444603480401,-0.9476163915394906,0.7070351688386527,0.9851083793856177,-0.9302086541757453,-0.4669120018541202,-0.7244995434685759,0.7103946760076882,0.9972259931835308,0.7541030061277678,-0.8499110958918201,-0.849924206204066,-0.10916634803810554,0.9932383949644683,0.1261894460306796,0.47417595945179536,-0.1615293039814496,-0.543025229778415,0.7021318646449515,-0.10210270366921392,-0.13776673709445064,-0.03552359082134737,0.7278381756319037,0.793777542577222,-0.8922659262486963,0.7374248915831914,-0.1717431780286871,-0.9091356699860376,3.479976094009629E-4,-0.4913872001928177
-0.2465051100756448,0.24406573675293375,0.9673471493773733,0.2784039844427464,-0.7217309257050659,-0.09525368632796738,-0.5801656236965922,0.7394141545588082,-0.6935024293752416,-0.05715213974001676,0.7528359064832673,0.2938998333956153,-0.5674410738846078,-0.9194215940538661,-0.2511305977330325,0.8927169420224403
-0.6310530796984963,0.5654039637196651,0.9597546951226015,0.10801718291948403,-0.6292467225372149,0.46002710806476865,0.3933885268237216,-0.4613186645794132,-0.5053605045670599,0.3150015517230049,0.14665772112801,0.8289096723994631,-0.016542623924831634,0.06376765559678033,0.502618165061286,0.025245465677935952
-0.6514051699453571,0.5705489932815271,0.4495203259540217,0.1542269045250193,-0.052599733135048954,-0.1386329666818591,-0.41878551200240133,-0.8220443904036727,0.0680244176116942,0.7558562274262888,-0.09707667868250303,-0.24755309525230307,-0.11570400964115368,-0.5712823306811359,-0.806679030575778,0.5437062067203802
0.5883401903300205,-0.9836779518748533,0.7704736231520624,0.24905334402878876,0.5237329170720988,-0.5363798666399853,0.7038575903400266,0.9262945864621002,-0.053832234511676624,-0.48180853699339266,-0.47035583596811303,0.7509211918798033,-0.8095957917252588,0.8394182184784746,0.5023539556881758,-0.09840977180530808
0.9228588468608567,0.6200052822556799,0.8567356315926262,0.9167225971292654,-0.56400858241843,-0.7175922346270074,0.6546387941761613,0.5701306385964662,-0.4292013144167528,0.2990547316304224,0.05662173754942712,0.5906235277495624,-0.8639862381124046,0.7340868320152365,-0.5723015911838025,0.3049564148134656
-0.7350093342507686,-0.2843468242572895,0.3832419248238632,0.4408799435583475,0.8719561042607831,-0.27835920832048733,0.633016683076173,0.7524983376809153,-0.3474866742091731,0.29803826709255676,0.8426245746522449,0.09928181658145951,0.9189873577499708,-0.37203605270474793,-0.7662911920528854,0.8443283930198702
0.5738230517867986,0.23071578743564936,0.39584956713688824,-0.4016817028947126,-0.340417453565125,0.9940295731771531,0.45432073640476744,-0.9224122708380647,-0.6189123110694188,0.7290590483164012,0.2342051530177176,0.9976433957369728,0.04322789808094463,0.4864210476965074,-0.0015244427192784293,0.697548611232989
0.9167134932087242,0.9829750428403676,0.1816777292566345,-0.17677209132945837,0.8134495303685132,-0.33716328189450673,0.1631093382980171,0.9106098951536064,0.06762843473655877,-0.8475489781967649,0.34890983166408485,-0.16990702534461266,0.11969509019748648,-0.8316191220440969,-0.7446931827212175,0.27407704875473793
-0.37961628046603724,-0.7022069114184135,0.729292711644508,0.3236807016731138,0.8390191195780121,0.49545342381828195,-0.07595913951313804,-0.12702467287863128,0.794536432954561,0.6273698153503944,-0.281188655307818,-0.6997883356900028,0.4232465732012236,-0.05994947296054076,0.23875671569639478,-0.31072758387815824
0.47185401448500564,0.912055561144141,-0.6711335613711304,-0.8352120147511621,-0.20529050767166712,0.9138742932786523,-0.8490069969400742,-0.9672153535890342,-0.926717543400394,0.6845101069510664,-0.2803540622558416,0.1881886449568413,0.7099423359005124,-0.9410333516212099,-0.7821793077820338,0.9210923250312264
-0.8041606323731736,0.40013415737804703,-0.1948522497905043,-0.42266553354343905,-0.8882197566094228,-0.14402805042703704,0.5437498000553929,-0.20936831247627996,-0.49000422466714877,-0.8808646640486781,-0.9717064111490528,0.10982704600292181,-0.20982652682603686,-0.5716463927646036,-0.7468642328541062,0.05836741249659716
0.860201594607072,-0.5841053113385106,-0.6167538809930135,0.5763405307235425,0.1720299563448835,-0.39413511424552516,-0.9044300262197538,-0.5392805939258558,-0.5211351706058858,-0.0031353675744345555,-0.34324091959474323,-0.6549118263604838,-0.4396012223785162,-0.6782064133827048,-0.8684501330337755,0.9209724196357489
-0.7474951902080469,-0.07262637097001412,-0.8127722523463599,-0.31643465842285234,0.10060523764944973,-0.9117800080858329,0.15447193948167803,0.35780727382797894,0.73011870540356,0.3449552768386155,0.45815834451863235,0.5202737043870445,-0.3073888231606505,-0.6388791508095586,0.8495872296049418,0.7639022457252216
0.726200663163286,-0.03713466394838849,-0.681857829187756,-0.44074745120934855,-0.5685586212033982,0.25546849057890375,0.8428227457089692,0.7772891517414748,-0.719357396383643,0.8331780847549903,0.9829011201243552,0.16479850618090786,-0.5676624874825176,-0.5705978132298448,-0.9845442756185836,0.24676437554451747
-0.3267907030440873,-0.054205543630536646,0.6307305536373027,-0.8826045758855063,-0.9518597450582509,0.06634798055544877,0.8259657137459508,0.4528868770657528,-0.48180753610427574,0.7998868336913987,0.08639204794313327,-0.9752420559848667,-0.7378010232592007,-0.7459164600461474,-0.6894674852500553,0.2895744618707379
0.8651319689288954,-0.5106622087199795,-0.5762561820206427,-0.7393281749958849,0.8827477172098779,0.804888174710171,0.8233413095918041,0.5151824098935396,-0.33081527000424615,0.5441805960138457,0.8458624518295925,0.7317488124963876,-0.12215344679861961,-0.2253307109310474,-0.7489627092963271,0.6846943095560689
0.3190137007555853,0.8895501832713286,0.7843262303056104,-0.8778081213248807,0.7959968051280841,-0.47673425804098657,-0.36101025980766943,0.10949692713046622,-0.06781935135730977,-0.964742411679862,-0.5664376475697313,-0.9252387947092924,0.37496292643943696,-0.7259895668734404,0.7581187735281947,0.8095382835721869
0.42960819056075583,-0.2691422990798815,0.006944109369745766,-0.9655231616377089,0.9368932438136206,-0.05046544756110327,0.3301071260958459,-0.2926072795885559,0.39976718462838123,0.9999611755974083,-0.14977304719421758,0.8801704308768672,-0.30391244457077726,-0.48164157062241797,-0.09793903312694319,0.5859903715810391
0.04835249349391724,0.033482612026309866,0.9094443162339474,0.2364643365398842,-0.001258551850640055,0.5663455786325087,-0.07173998945662707,0.03357442736647753,0.48152448932232184,-0.17913618722156088,-0.8557344038756132,-0.9579668325811737,0.584831886703336,-0.32454159763666457,0.1537504098480258,-0.28200529652333794
-0.3684516971081704,0.14070646562648004,0.5159548374506018,0.9381331624553757,-0.8583742560911527,-0.5342784576946031,-0.5527221998335381,0.23399383668758023,0.8711007168700864,-0.3439802593405965,-0.3205467390118273,0.37490793310835735,0.6664217447832756,-0.691793860532578,-0.09612555209186735,-0.9016436057826334
-0.8330873775568499,-0.6281060373819602,0.8458297847046565,-0.2831959882741564,0.9623156345879602,-0.7831531042878539,0.5374115113188616,0.1995575380161143,0.23158097241987674,0.21341420851949566,0.5514145134824038,-0.11852145718613927,0.6823860847386087,-0.07309532657350126,0.38343011196469146,0.045017643246002326
-0.3811385352049361,-0.018374815305598924,-0.5104793512924555,0.23441407269706827,-0.6275531243906798,-0.4314014513612592,-0.6674371039512186,0.22848125491084037,-0.7922442983996094,-0.5546394372467827,-0.8014481947726559,-0.134793937981734,0.25477782065845167,0.638739333592294,-0.4851407377163821,0.20156789420346954
-0.9792953022235387,-0.1732509624235683,0.9356458399590368,0.3851822128093201,-0.4008863764060082,0.6931191153964886,0.5553259503752643,0.8838498144751803,0.8212010394823486,0.43820961629261235,0.2691908483326402,-0.6329447883098371,0.2832078541282781,0.2425654542378919,0.5209964201616617,-0.7422846089175821
0.43613298218626184,-0.27125125593414356,-0.539474206240435,-0.8831841703196099,0.7382847254433624,0.885376630497672,0.8798407601651832,0.8030123938074132,0.23555125867111038,-0.0316863871321682,0.20513779573458812,0.24294015001565383,0.9746910063110368,-0.38734080623811273,0.2918289446538458,-0.8157016325451594
-0.1964830403619604,0.5314202064844777,-0.19633034064990662,-0.31789154879308135,-0.11693920430769644,0.19380504586565284,0.5524601167445413,-0.11578130784248764,0.9803077630210655,0.4276507633368931,0.3330487330569918,-0.20464322327905382,0.5063050010219854,-0.5341238877543284,0.5090698374741751,0.4941922074709151
0.663019241803918,0.8538627169585677,0.8880510797825798,-0.7331816519989056,0.47773924638105925,0.5069310477150948,0.2702285893196861,-0.7569448197335455,0.3681502742207754,0.008892183973466583,-0.5363880262660627,0.2505756321779231,-0.6793386783944915,0.22888433985844792,0.528543071761485,0.7735470069696968
0.7665185305054789,0.5387820602519215,0.7716579419709797,0.16147671145656606,0.8046917048191833,0.18104378081393468,0.22276340742134382,0.8573037677678677,-0.4525256489490632,-0.33305857910977843,0.9985426060515148,-0.21747241902840697,-0.5941300895043082,-0.5223058571251937,-0.979618868213953,0.7352627253856099
-0.4296535800053489,0.7961065008858847,0.27511313459155295,-0.9669873777307141,-0.31102798105329965,0.5138887665681755,0.9584109954277251,-0.02962928870638004,0.7484308630945171,0.3399163168155579,-0.4546104247694476,0.4701968234602283,-0.9017685605265089,-0.5227380386692593,-0.632964476443848,-0.7429990447088581
-0.38916295466265116,0.04191462636623755,0.914868833197614,-0.8021801907685793,0.28384266323256435,0.16367408327017374,-0.9079415027346989,0.7782305242598682,0.9875023974988575,-0.46020849045582635,-0.45721502173879425,0.7212538159258219,-0.20704629839452315,0.10450232424208528,-0.1809007122508104,-0.42015375329906623
0.7626884891150965,0.4326764323249255,-0.7888782978761164,0.04718288017529626,-0.48280136955273756,0.5133893896557125,0.15896777303380039,-0.4722396009413119,-0.8577287715729425,-0.002001955724259652,0.37772836395530707,-0.6263212140775478,-0.7459349435372256,0.06026284591849729,0.9575461481419507,0.8653166720673797
0.3801373620549511,0.09480632337328743,0.970502828225646,0.9937066933586483,0.8366578667886537,0.9804372404268948,0.6117327895142017,0.1795786856910715,-0.5910000387512391,0.1741203014564816,0.5501268561560491,-0.8823023132605654,-0.8063336862788748,0.5266119091240338,0.6221597045722922,0.8161318499477261
0.32094546980295524,0.04952893863761987,0.8822809685083775,-0.0019985924448566728,0.2089477145072589,-0.7284232317533386,-0.1672977296738427,-0.8564809260778314,0.1430244491389847,-0.2095573515693645,-0.5928261872586253,0.23803096350829045,0.2060248535043978,0.2694386327529654,-0.17316937460593396,0.9231124914296258
-0.2160144920108018,0.83305731023875,-0.5731393291920253,-0.33108709275352477,0.6068113228505083,0.18865224699189853,0.8318298242579576,0.9173637301682016,-0.9180403771650723,-0.21224057860218148,-0.7627186440341642,-0.3235456886103356,0.29908646608944545,-0.8136343246362048,0.46059237145775844,-0.14530198437549768,-0.5550786073245968,-0.1879163919646336,-0.13068525976302436,0.36124013613189976,0.9679581199154124,-0.25319793799975576,-0.17026526340664505,-0.20411169647125238,-0.04828273502472369,-0.6929659946684974,-0.42469748065353063,0.414672424217996,0.6732506429442506,-0.7000259449923862,-0.02447478239238543,0.9803705266481246
0.4364955108426132,0.19458242592761654,-0.613093967558783,0.9855176867082049,-0.25555874257914835,0.3200594239426955,0.3902842762659331,0.6502202761793516,-0.5446632427978662,-0.20313196881872497,-0.7741437552585206,-0.613542893216642,-0.5491675630761845,0.19634107313556104,-0.4591500687200627,0.984602754289539,-0.4040974046963768,0.7359263862035583,0.825147657727588,0.2875943668148411,0.47322320178725374,0.6228269253459271,-0.40799643159526644,-0.22249084689281173,-0.3553719003290041,-0.8712868035093204,-0.48628044440149587,-0.6037818842834899,-0.777445210112139,-0.09110989421098736,-0.49656170478313544,0.022006058766087078
-0.44322945054216545,-0.8596855357401858,-0.0926485756584543,0.32481528243680513,0.1493000566859366,0.7187425129148637,-0.7224024956631745,0.8209094001606048,0.6746274562885095,0.8480759792287216,-0.6456701187086376,0.8531696384258403,0.1884242587743301,0.24755340946190452,-0.3938641886814238,-0.6046019681373984,0.13923584782398746,0.1575126611674016,0.9611923247677396,-0.4691299250676122,0.057272712559665706,0.3420264926977228,0.22488868143539298,0.759875787685838,0.9408653299861505,0.6678981750220747,-0.05328258489290083,-0.2448944985057937,-0.983085870772924,-0.42675287792867,0.9638968091513562,0.3741572130893305
-0.44638200533317196,-0.6250928120044916,-0.8633816325055281,0.356795359938729,-0.2468096455226294,-0.23038723914144743,-0.7938598114223718,0.9707714526752909,-0.40055309390618543,0.29130685475573026,-0.025750275848018145,0.2650612925616216,-0.7961743195483302,0.01765889117008279,0.7977323614428562,-0.7079538406258121,0.48690627738355996,-0.35740427645790906,0.7026447859801506,-0.5671038385285023,-0.8106185680175513,-0.3614072414507348,8.008237784835615E-4,0.3577881280844022,0.8009800759445431,0.3699640772279813,0.31318880489154166,0.614680192135048,0.30872047582395434,0.14834796548837414,0.9264705148262442,-0.6220452827619396
0.07205906796982542,-0.6285705068565972,0.6773177573731244,-0.9541183176166839,0.9969789510483167,0.8951618039543241,-0.907760746568367,-0.7942684647744396,0.6123096237430696,0.47640283797993077,-0.8410982814695629,-0.9665732436179952,-0.41901898108510083,-0.3407980594929849,-0.326728301468145,-0.2931563377619084,-0.18402844028845955,0.0030014987194968423,0.8097005292607695,-0.876270117924445,0.6141164896059705,-0.18201680447177404,0.5406972803720982,-0.9767599355715924,0.32036906499216866,-0.7794703368620706,0.07826146729305306,0.25266593383824976,-0.7470369123327736,-0.6190661152890644,0.873749174292789,-0.693718654301327
0.6126356598259541,0.9780656185550063,0.08280842796198207,-0.6564501737586108,-0.1310661073068966,0.004495400090026136,0.21947554201743702,0.43464771279004477,-0.28990894441904014,0.943446992141926,0.08637769002732187,0.5073224790799253,0.7699129801162923,0.5330095313553795,0.9641629937639336,-0.1637416533797207,-0.9654325602735709,0.9976511209334078,0.3611429135464268,0.9787653202994169,-0.9158773456049436,-0.2578856973034438,0.2506809106920651,-0.5280628085256032,0.1381345350781067,0.29238380184117196,-0.17813385168230345,0.357114197745116,-0.7484652918747996,0.7924235656060183,0.8854266709911323,0.5984256804821677
-0.36358639591426467,0.14896793915469697,-0.9812707649810215,0.06932955754716486,-0.85955906903432,0.6271712844164943,-0.45681537527854155,0.7910055515974648,0.28415378334280295,-0.3201656381761875,0.7695898139228476,0.889624072279736,-0.15593632387704615,-0.21022432723361084,0.6022839140997429,-0.6199889022135341,0.16951061222527164,-0.8597944283933536,0.3931116147367282,-0.2710176475285684,-0.8138017849400438,-0.09107285882766214,-0.10418521674374492,-0.004095198407306322,-0.7760790351760212,0.02724541407330161,-0.5724911271737045,-0.92015788888194,0.4929503248879792,0.38704465525089216,-0.8958830845999193,-0.6604280381566645
-0.12268070425869015,0.2426306076364957,-0.3908492216506876,-0.7605183542160556,-0.9367252722764363,-0.3543891096501042,-0.49252685281630226,-0.17661408773603737,0.4596485596055706,-0.6789016395964138,0.849827944143142,0.003922652908028734,-0.19945775252828635,-0.8047751546490205,-0.09481678128820481,0.6841806236007251,-0.7710842736273087,0.002926679710958835,0.9944047903737092,0.8725615965204676,0.7969456666451227,-0.042742237791263404,0.5037761588551948,-0.17845079802043706,0.04484615108740653,0.8419231439568169,-0.05716844534529608,-0.9796734922360091,0.5356546166030187,0.010357768187967853,-0.17658052390589885,-0.9740803923140229
0.16293814081904223,0.31434362702336105,0.6076150429272689,-0.7270616125467995,-0.44967078631738033,0.24169157570491961,0.005305387482729351,0.3891611089790903,-0.07374741113589045,-0.5617513570792201,-0.5020272390095177,0.8776649398805161,0.48415813354579385,-0.8964510984813161,-0.8765949908747852,-0.25477952450285213,-0.5719721360230001,-0.3579949530870845,0.27676535472645525,0.7282980317901706,0.6548782104026352,0.9066163593642378,-0.4333430787646946,0.07963848023984155,-0.6595678390870732,-0.6102545804506383,0.6105199322452801,0.6771674357756547,0.5710880244411269,-0.20440433778472022,-0.9380965255080909,-0.921638300990969
-0.3952336097148119,-0.4284014000324208,-0.8671434195952514,-0.9329969626236043,0.5979022008113539,0.1809988716025286,-0.5921141723326457,-0.7744160321907494,0.1784295308988244,-0.15957360557825107,-0.1583690977501837,-0.8845418901674447,0.44811880258812065,0.3849327261143054,0.49061172399036956,0.7581547470184535,0.5339591500337233,-0.8145864805070329,-0.24989542509765594,-0.6557880188774856,-0.24836726017606825,0.7586846250986052,-0.08990483529346327,0.8593678568299417,-0.8945401655968899,-0.597277985791911,0.112457007765836,-0.7282739094558124,0.3027072087914491,-0.25404162961093535,0.9709666258386072,0.407646291560847
0.377731536905894,0.8836907333220532,0.043950264488478386,-0.2563204582383043,0.7761158132043384,0.13732567786707728,-0.43929004627077006,-0.14428801451005668,-0.18658898596750872,-0.18427565766202636,-0.14394043141002566,-0.3104919561453965,-0.9499519649354322,-0.4425122543512421,0.1572667041091218,0.6579099624399671,-0.6865621923003749,0.651285374448239,-0.07311750503136127,-0.06355094406458894,0.8502304876119402,-0.3473781847423725,-0.19811836714158204,-0.8603612440519306,0.406158795739916,-0.9297320811824232,-0.5728612351371083,0.18298548789158953,-0.09215804747993084,-0.015219784447232376,0.12459523733152045,0.07670885616126455
0.8603820644671822,-0.23035800659382577,-0.27792671545237835,0.8277507033978058,-0.25421925411044466,0.8767662121011304,0.6929478819182839,-0.95971247721011,0.9176941424444278,-0.4118195331783916,-0.23042468608496858,-0.9219110041892213,0.3538762226156915,-0.05816119504558337,0.6120827473487622,0.7633925117111913,-0.16064798057230734,0.9740821594759472,-0.6651744441457497,0.7607923049558998,0.25251876175900945,0.6988472216238735,-0.5239771915980795,0.030970147025676686,-0.03693682995112857,-0.6966975926085046,0.3417843953060369,-0.5194932167490374,-0.5335823489939469,-0.6513331040469255,0.5639463156053357,-0.24533512084126108
-0.035034680864933554,0.05640443580947818,-0.8181666379710897,-0.06376912323870854,-0.7225976137580767,-0.866045102257543,0.9609513244282843,0.6150943746537723,-0.47788039963874573,-0.7793230247025444,-0.7001177736108206,-0.38060798764316495,-0.35258178386621686,-0.3439621245954616,0.5858681704797764,-0.8455583722461335,0.07082805537228487,0.2826464548608736,-0.12174525901564603,0.4610615508954994,0.4417488774429943,0.449743331288315,0.9596906196042727,-0.29782282915716896,0.8560897062162836,0.7674519775834274,0.9386648860694462,-0.22404068013445033,-0.2714668211550455,-0.17715227786937038,0.34617579339177973,0.01672354439488255
-0.03249398588497754,0.0370631850180112,-0.31740320449157733,-0.6356178474333678,-0.9001117085334176,-0.9783018929568943,0.27368733489081,-0.974125328629925,0.5569497338959131,-0.6998213194605094,-0.6095999724947843,0.10098686688475356,0.40001935046981263,0.677075511894141,0.24533696223885793,-0.4512173605684855,0.9333083794425399,0.19554440310348942,0.6994136697609399,0.8040935154195086,-0.7748455459982095,-0.12964097672514519,0.29548977898078355,0.9328796242177495,-0.27038415244761205,-0.5837463735261874,-0.4185692206010494,0.2134196626565481,-0.6179606399506536,-0.7829457559486295,0.5932664954089784,-0.031174175734478116
-0.16211603309834732,0.391141669966808,0.8398166026009082,-0.07805374271503229,0.34793419613020493,0.5627485729208042,0.9239051196209362,-0.31120007160680885,-0.6930533298604094,-0.38741487768080995,0.44659223820825433,0.6597630591672952,0.07979481589856308,0.04930584673726113,-0.7055539178228201,0.6789799637486591,-0.10137017758899525,-0.25416930964865103,0.5397968177032351,-0.4399105991890413,-0.6234705786647758,-0.1908874956054687,-0.43866880327134994,-0.13732138893316082,0.49755807812597963,0.5243580444005067,-0.598559493426188,0.10797892687070343,0.8201167900488435,0.04518818356081633,-0.9591436498800239,0.7710675500296562
-0.9300875003699722,-0.9677055807289467,-0.4296832654075373,0.44026196777280413,0.3008310649398236,0.5942017203685233,0.7624264195374719,0.5207208047625027,-0.6335493476795222,-0.9508481074181869,-0.927705796541592,0.9080936646820414,-0.4281147433683541,0.8556042907795294,-0.9872784877257448,0.16939046312849704,-0.9348982971317943,0.45462156385681163,0.6014775652247726,-0.05793186730439048,-0.6561703520866229,0.9684946101781746,0.5155945002448203,0.4986624906911177,0.5484497103054982,-0.779267511585624,0.2820932940341234,0.7231187347688124,-0.009481013053125098,0.6210245956183378,0.08706651953486766,-0.8936952894124166

# 1-1F,1-1G,1-1M,2-1F,2-1G,2-2,3-1,3-2,3-3,3-4F,3-4G,4-1,4-2,4-3,4-4,4-5,5-1,5-2,5-3,5-4,5-5,6-1,6-2FF,6-2FG,6-2GG,6-3,7-1 T0,7-1 T1,7-1 T2,7-1 T3,7-1 T4,7-1 T5
